1,name1,last1
2,name2,last2
3,name3,last3
4,name4,last4
5,name5,last5
6,name6,last6
7,name7,last7
8,name8,last8
9,name9,last9
10,name10,last10
11,name11,last11
12,name12,last12
13,name13,last13
14,name14,last14
15,name15,last15
16,name16,last16
17,name17,last17
18,name18,last18
19,name19,last19
20,name20,last20
21,name21,last21
22,name22,last22
23,name23,last23
24,name24,last24
25,name25,last25
26,name26,last26
27,name27,last27
28,name28,last28
29,name29,last29
30,name30,last30
31,name31,last31
32,name32,last32
33,name33,last33
34,name34,last34
35,name35,last35
36,name36,last36
37,name37,last37
38,name38,last38
39,name39,last39
40,name40,last40
41,name41,last41
42,name42,last42
43,name43,last43
44,name44,last44
45,name45,last45
46,name46,last46
47,name47,last47
48,name48,last48
49,name49,last49
50,name50,last50
51,name51,last51
52,name52,last52
53,name53,last53
54,name54,last54
55,name55,last55
56,name56,last56
57,name57,last57
58,name58,last58
59,name59,last59
60,name60,last60
61,name61,last61
62,name62,last62
63,name63,last63
64,name64,last64
65,name65,last65
66,name66,last66
67,name67,last67
68,name68,last68
69,name69,last69
70,name70,last70
71,name71,last71
72,name72,last72
73,name73,last73
74,name74,last74
75,name75,last75
76,name76,last76
77,name77,last77
78,name78,last78
79,name79,last79
80,name80,last80
81,name81,last81
82,name82,last82
83,name83,last83
84,name84,last84
85,name85,last85
86,name86,last86
87,name87,last87
88,name88,last88
89,name89,last89
90,name90,last90
91,name91,last91
92,name92,last92
93,name93,last93
94,name94,last94
95,name95,last95
96,name96,last96
97,name97,last97
98,name98,last98
99,name99,last99
100,name100,last100
101,name101,last101
102,name102,last102
103,name103,last103
104,name104,last104
105,name105,last105
106,name106,last106
107,name107,last107
108,name108,last108
109,name109,last109
110,name110,last110
111,name111,last111
112,name112,last112
113,name113,last113
114,name114,last114
115,name115,last115
116,name116,last116
117,name117,last117
118,name118,last118
119,name119,last119
120,name120,last120
121,name121,last121
122,name122,last122
123,name123,last123
124,name124,last124
125,name125,last125
126,name126,last126
127,name127,last127
128,name128,last128
129,name129,last129
130,name130,last130
131,name131,last131
132,name132,last132
133,name133,last133
134,name134,last134
135,name135,last135
136,name136,last136
137,name137,last137
138,name138,last138
139,name139,last139
140,name140,last140
141,name141,last141
142,name142,last142
143,name143,last143
144,name144,last144
145,name145,last145
146,name146,last146
147,name147,last147
148,name148,last148
149,name149,last149
150,name150,last150
151,name151,last151
152,name152,last152
153,name153,last153
154,name154,last154
155,name155,last155
156,name156,last156
157,name157,last157
158,name158,last158
159,name159,last159
160,name160,last160
161,name161,last161
162,name162,last162
163,name163,last163
164,name164,last164
165,name165,last165
166,name166,last166
167,name167,last167
168,name168,last168
169,name169,last169
170,name170,last170
171,name171,last171
172,name172,last172
173,name173,last173
174,name174,last174
175,name175,last175
176,name176,last176
177,name177,last177
178,name178,last178
179,name179,last179
180,name180,last180
181,name181,last181
182,name182,last182
183,name183,last183
184,name184,last184
185,name185,last185
186,name186,last186
187,name187,last187
188,name188,last188
189,name189,last189
190,name190,last190
191,name191,last191
192,name192,last192
193,name193,last193
194,name194,last194
195,name195,last195
196,name196,last196
197,name197,last197
198,name198,last198
199,name199,last199
200,name200,last200
201,name201,last201
202,name202,last202
203,name203,last203
204,name204,last204
205,name205,last205
206,name206,last206
207,name207,last207
208,name208,last208
209,name209,last209
210,name210,last210
211,name211,last211
212,name212,last212
213,name213,last213
214,name214,last214
215,name215,last215
216,name216,last216
217,name217,last217
218,name218,last218
219,name219,last219
220,name220,last220
221,name221,last221
222,name222,last222
223,name223,last223
224,name224,last224
225,name225,last225
226,name226,last226
227,name227,last227
228,name228,last228
229,name229,last229
230,name230,last230
231,name231,last231
232,name232,last232
233,name233,last233
234,name234,last234
235,name235,last235
236,name236,last236
237,name237,last237
238,name238,last238
239,name239,last239
240,name240,last240
241,name241,last241
242,name242,last242
243,name243,last243
244,name244,last244
245,name245,last245
246,name246,last246
247,name247,last247
248,name248,last248
249,name249,last249
250,name250,last250
251,name251,last251
252,name252,last252
253,name253,last253
254,name254,last254
255,name255,last255
256,name256,last256
257,name257,last257
258,name258,last258
259,name259,last259
260,name260,last260
261,name261,last261
262,name262,last262
263,name263,last263
264,name264,last264
265,name265,last265
266,name266,last266
267,name267,last267
268,name268,last268
269,name269,last269
270,name270,last270
271,name271,last271
272,name272,last272
273,name273,last273
274,name274,last274
275,name275,last275
276,name276,last276
277,name277,last277
278,name278,last278
279,name279,last279
280,name280,last280
281,name281,last281
282,name282,last282
283,name283,last283
284,name284,last284
285,name285,last285
286,name286,last286
287,name287,last287
288,name288,last288
289,name289,last289
290,name290,last290
291,name291,last291
292,name292,last292
293,name293,last293
294,name294,last294
295,name295,last295
296,name296,last296
297,name297,last297
298,name298,last298
299,name299,last299
300,name300,last300
