Station1,xyz
Station2,xyz
Station3,xyz
Station4,xyz
Station5,xyz
Station6,xyz
Station7,xyz
Station8,xyz
Station9,xyz
Station10,xyz
Station11,xyz
Station12,xyz
Station13,xyz
Station14,xyz
Station15,xyz
Station16,xyz
Station17,xyz
Station18,xyz
Station19,xyz
Station20,xyz
Station21,xyz
Station22,xyz
Station23,xyz
Station24,xyz
Station25,xyz
Station26,xyz
Station27,xyz
Station28,xyz
Station29,xyz
Station30,xyz
Station31,xyz
Station32,xyz
Station33,xyz
Station34,xyz
Station35,xyz
Station36,xyz
Station37,xyz
Station38,xyz
Station39,xyz
Station40,xyz
